mll_low_GeV,mll_high_GeV,events,dsigma_dm_pb_per_GeV,mc_stat_error_pb_per_GeV
50.0,52.0,229,3.25291981,0.21495899162368365
52.0,54.0,255,3.62224695,0.22683390283990948
54.0,56.0,189,2.6847242099999997,0.19528495099056378
56.0,58.0,175,2.48585575,0.18791303170514145
58.0,60.0,195,2.76995355,0.198360493755333
60.0,62.0,155,2.2017579499999997,0.17684945430047416
62.0,64.0,165,2.34380685,0.1824651158043545
64.0,66.0,157,2.23016773,0.1779867615475929
66.0,68.0,151,2.14493839,0.1745526106557192
68.0,70.0,173,2.4574459699999998,0.1868361573271975
70.0,72.0,151,2.14493839,0.1745526106557192
72.0,74.0,190,2.6989291,0.19580089627807887
74.0,76.0,219,3.11087091,0.2102131753262623
76.0,78.0,257,3.6506567299999997,0.22772171015827566
78.0,80.0,315,4.47454035,0.2521117876504617
80.0,82.0,463,6.57686407,0.3056527942932999
82.0,84.0,564,8.01155796,0.33734744633748803
84.0,86.0,989,14.04863621,0.44672064202705797
86.0,88.0,2120,30.1143668,0.6540422523152858
88.0,90.0,6577,93.42556153,1.1519981878118912
90.0,92.0,21122,300.03568658,2.064454873312414
92.0,94.0,8955,127.20478994999999,1.344220982098128
94.0,96.0,2428,34.48947292,0.6999422611805768
96.0,98.0,1109,15.75322301,0.47304629794822295
98.0,100.0,645,9.16215405,0.3607594634147585
100.0,102.0,379,5.38365331,0.27653969528204425
102.0,104.0,266,3.7785007399999997,0.23167474479670544
104.0,106.0,191,2.7131339899999998,0.1963154855919703
106.0,108.0,160,2.2727824,0.17967922524859684
108.0,110.0,116,1.6477672399999999,0.15299134743443368
110.0,112.0,99,1.4062841099999999,0.14133687095481454
112.0,114.0,83,1.17900587,0.12941270684405107
114.0,116.0,56,0.79547384,0.10629966319362258
116.0,118.0,74,1.05116186,0.12219508416256113
118.0,120.0,50,0.7102445,0.10044374045008977
120.0,122.0,38,0.53978582,0.08756482282663397
122.0,124.0,31,0.44035158999999996,0.07908948031992054
124.0,126.0,32,0.45455648,0.08035499236007182
126.0,128.0,35,0.49717115,0.08403726255015391
128.0,130.0,23,0.32671247,0.06812425924718961
130.0,132.0,27,0.38353202999999997,0.07381077358778121
132.0,134.0,30,0.4261467,0.07780338679879559
134.0,136.0,17,0.24148313,0.058568261870280046
136.0,138.0,19,0.26989291,0.061917680014111486
138.0,140.0,22,0.31250758,0.06662683992255823
140.0,142.0,12,0.17045868,0.049207182391854135
142.0,144.0,17,0.24148313,0.058568261870280046
144.0,146.0,13,0.18466357,0.05121645925732566
146.0,148.0,19,0.26989291,0.061917680014111486
148.0,150.0,13,0.18466357,0.05121645925732566
150.0,152.0,8,0.11363912,0.04017749618003591
152.0,154.0,13,0.18466357,0.05121645925732566
154.0,156.0,13,0.18466357,0.05121645925732566
156.0,158.0,10,0.1420489,0.04491980631214921
158.0,160.0,5,0.07102445,0.03176309965290699
160.0,162.0,9,0.12784401,0.04261467
162.0,164.0,11,0.15625379,0.047112290318271514
164.0,166.0,4,0.05681956,0.02840978
166.0,168.0,6,0.08522934,0.034794732352363335
168.0,170.0,6,0.08522934,0.034794732352363335
170.0,172.0,6,0.08522934,0.034794732352363335
172.0,174.0,7,0.09943423,0.03758260634102829
174.0,176.0,6,0.08522934,0.034794732352363335
176.0,178.0,6,0.08522934,0.034794732352363335
178.0,180.0,3,0.04261467,0.024603591195927067
180.0,182.0,3,0.04261467,0.024603591195927067
182.0,184.0,12,0.17045868,0.049207182391854135
184.0,186.0,3,0.04261467,0.024603591195927067
186.0,188.0,2,0.02840978,0.020088748090017955
188.0,190.0,4,0.05681956,0.02840978
190.0,192.0,1,0.01420489,0.01420489
192.0,194.0,4,0.05681956,0.02840978
194.0,196.0,1,0.01420489,0.01420489
196.0,198.0,0,0.0,0.0
198.0,200.0,5,0.07102445,0.03176309965290699
